<?xml version="1.0" encoding="UTF-8" standalone="yes"?>
<addon id="plugin.video.keppler"
       name="[COLOR red]JOSE[/COLOR][COLOR white]IPTV[/COLOR]"
       version="0.0.1"
       provider-name="Jose portu">
  <requires>
    <import addon="xbmc.python" version="2.1.0"/>
    <import addon="script.module.beautifulsoup" version="3.2.1"/>
    <import addon="script.module.simple.downloader" version="0.9.4"/>
    <import addon="script.module.beautifulsoup4" />
    <import addon="script.module.requests" />
    <import addon="script.module.httplib2" />
    <import addon="script.module.liveresolver" version="0.1.24" optional="true"/>
    <import addon="script.module.youtube.dl" optional="true"/>
    <import addon="plugin.video.youtube" optional="true" />
    <import addon="script.module.urlresolver" optional="true"/>
    <import addon="script.module.simplejson" />    
     <import addon="script.module.livestreamer" optional="true"/>
     <import addon="script.module.pyamf" optional="true"/>
  </requires>
  <extension point="xbmc.python.pluginsource" library="default.py">
    <provides>video</provides>
  </extension>
  
  <extension point="xbmc.addon.repository" name="Mi repositorio">
	
        <info>https://raw.githubusercontent.com/alkiber/repokeppler/master/Repositorio/addons.xml</info>
        <checksum>https://raw.githubusercontent.com/alkiber/repokeppler/master/Repositorio/addons.xml.md5</checksum>
        <datadir zip="true">https://raw.githubusercontent.com/alkiber/repokeppler/master/Repositorio/</datadir>
    </extension>

  <extension point="xbmc.addon.metadata">
    <summary>Creado por jose portu</summary>
    <description>Addon creado y modificado por jose portu para uso privado de mi centro multimedia digital 2018</description>
    <platform>all</platform>
  </extension>
</addon>
