<?xml version="1.0" encoding="UTF-8" standalone="yes"?>
<addon id="plugin.video.Wizard" 
	   name="plugin.video.Wizard"
	   version="1.0.1"
	   provider-name="jose">
  <requires>
    <import addon="xbmc.python" version="2.1.0"/>
  </requires>
  <extension point="xbmc.python.pluginsource" library="default.py">
        <provides>executable</provides>
  </extension>
  <extension point="xbmc.addon.metadata">
    <summary>Wizard</summary>
    <description>Configura tu Kodi para funcionar correctamente gracias a jose portu. </description> <!-- PEQUEÑA INTRO  -->
    <platform>all</platform>
  </extension>
</addon>
