<?xml version="1.0" encoding="UTF-8" standalone="yes"?>
<addon id="plugin.image.pdfreader" name="[COLOR red]PLD-COMICS[/COLOR]" version="1.0.1." provider-name="[COLOR blue]ProyectoLuzDIGITAL[/COLOR]">
  <requires>
    <import addon="xbmc.python" version="2.1.0"/>
  </requires>
  <extension point="xbmc.python.pluginsource" library="addon.py">
    <provides>image</provides>
  </extension>
  <extension point="xbmc.addon.metadata">
    <language>en</language>
    <platform>all</platform>
    <summary lang="en">PLD-COMICS Plugin Para Leer</summary>
    <description lang="en">Lea sus pdf y Comics Cbr.</description>
    <platform>all</platform>
	<license>GPL 2.0</license>
  </extension>
</addon>
