<?xml version="1.0" encoding="UTF-8" standalone="yes"?>
<addon id="repository.Mirepor" name="[COLOR lime]Mi Repositorio[/COLOR] Repo" version="1.0.2" provider-name="Jose bilbao">
    <extension point="xbmc.addon.repository" name="Mi repo actualizador jose">
        <info>https://raw.githubusercontent.com/alkiber/repokeppler/master/Repositorio/addons.xml</info>
        <checksum>https://raw.githubusercontent.com/alkiber/repokeppler/master/Repositorio/addons.xml.md5</checksum>
        <datadir zip="true">https://raw.githubusercontent.com/alkiber/repokeppler/master/Repositorio/</datadir>
    </extension>
    <extension point="xbmc.addon.metadata">
        <summary>Repositorio actualizador kodi creado exclusivamente para mi centro multimedia digital jose keppler 2018</summary>keda expresamente prohibido el uso de este plugin sin aprobacion del creador jose keppler
        <description></description>
        <disclaimer></disclaimer>
        <platform>all</platform>
    </extension>
</addon>
