<?xml version="1.0" encoding="UTF-8" standalone="yes"?>
<addon id="inteligencia.kodi.jose" 
	   name="inteligencia.kodi.jose" 
	   version="1.0.9" 
	   provider-name="COMPUTER JOSE 2018">
  <requires>
    <import addon="xbmc.python" version="2.1.0"/>
  </requires>
  <extension point="xbmc.python.pluginsource" library="default.py">
        <provides>executable</provides>
  </extension>
  
  <extension point="xbmc.addon.repository" name="Mi repositorio">
	
        <info>https://raw.githubusercontent.com/alkiber/repokeppler/master/Repositorio/addons.xml</info>
        <checksum>https://raw.githubusercontent.com/alkiber/repokeppler/master/Repositorio/addons.xml.md5</checksum>
        <datadir zip="true">https://raw.githubusercontent.com/alkiber/repokeppler/master/Repositorio/</datadir>
    </extension>
  
  <extension point="xbmc.addon.metadata">
    <summary>Wizard</summary>
    <description>Instalador inteligente creado por jose que ayuda a configurar tu Kodi correctamente</description>
    <platform>all</platform>
  </extension>
</addon>
